Job Title,Company Name,Company Website
newVirtual Executive Assistant (Contract),double,Link Not Available
newExecutive Assistant- RealSure- Remote,Realogy Brokerage Group,Link Not Available
Virtual Sourcing Assistant,Ross Stores,https://www.indeed.com/cmp/Ross-Dress-For-Less
newExecutive Assistant - remote position,Pitney Bowes,https://www.indeed.com/cmp/Pitney-Bowes
Licensing Assistant-(Remote or Onsite),BaubleBar,Link Not Available
newHM Loan Officer Assistant (Remote),Citizens,https://www.indeed.com/cmp/Citizens-2
"Executive Assistant (Remote, USA)",Olo,https://www.indeed.com/cmp/Olo
newAssistant Controller (Remote),RailWorks Corporation,https://www.indeed.com/cmp/Railworks-Corporation
newExecutive Assistant - Remote (Contract) - Part-Time,double,Link Not Available
newExecutive Assistant - Remote (Contract),double,Link Not Available
Assistant Marketing Manager/Proofreader (Remote),RELX,https://www.indeed.com/cmp/Relx-Group
newAssistant Managing Editor (Remote),CBS,https://www.indeed.com/cmp/Viacomcbs
Assistant Marketing Manager (Remote),LexisNexis,https://www.indeed.com/cmp/Relx-Group
"Professional, Customer Care Reporting Analyst - Virtual",MVP Health Care,https://www.indeed.com/cmp/Mvp-Health-Care
"Assistant Director, Financial Engineer. Remote, Eastern US t...",Moody's Corporation,https://www.indeed.com/cmp/Moody's-Corporation
